name,f1,f2,f3,f4,f5,f6,f7,f8,f9,f10,f11,f12,f13,f14,f15,f16,f17,f18,f19,f20,f21,f22,f23,f24,f25,f26,f27,f28,f29,f30,f31,f32,f33,f34,f35,f36,f37,f38,f39,f40,f41,f42,f43,f44,f45,f46,f47,f48,f49,f50,f51,f52,f53,f54,f55,f56,f57,f58,f59,f60,f61,f62,f63,f64,f65,f66,f67,f68,f69,f70,f71,f72,f73,f74,f75,f76,f77,f78,f79,f80,f81,f82,f83,f84,f85,f86,f87,f88,f89,f90,f91,f92,f93,f94,f95,f96,f97,f98,f99,f100,f101,f102,f103,f104,f105,f106,f107,f108,f109,f110,f111,f112,f113,f114,f115,f116,f117,f118,f119,f120,f121,f122,f123,f124,f125,f126,f127,f128,f129,f130,f131,f132,f133,f134,f135,f136,f137,f138,f139,f140,f141,f142,f143,f144,f145,f146,f147,f148,f149,f150,f151,f152,f153,f154,f155,f156,f157,f158,f159,f160,f161,f162,f163,f164,f165,f166,f167,f168,f169,f170,f171,f172,f173,f174,f175,f176,f177,f178,f179,f180,f181,f182,f183,f184,f185,f186,f187,f188,f189,f190,f191,f192,f193
Elon Musk,-299.50325023186264,126.37932002014433,-5.068857497561025,0.017155469445659672,12.111483253630976,15.414106636322396,12.873448808835638,9.618861715887585,-1.2162617024845073,7.608625533671844,-0.38832079905712846,5.698866360881841,7.609698896581803,4.331112427712449,5.644437112529971,10.095385650294062,0.5750528910257188,4.344435597631517,7.047395196989812,-0.7993757808493772,-8.962891622185888,-3.6213600197676707,-6.3080664996926386,-2.6954469566587185,-2.834661109286492,1.0893000373538266,-2.3963256055105076,2.886885357535296,1.8525950608845014,3.2353965448159077,2.4052363043664053,0.7741456103549179,-0.45332398395251383,-0.2699854273037368,-3.014951573609213,-1.4827901740311151,-5.96625377212774,-0.9621369492160503,-3.279083917323038,-3.793002900588306,0.48720543284717016,0.42516050818542145,0.432521657585237,0.49951255383588816,0.5605167743959361,0.6006773699236693,0.710633632675105,0.8635196737628407,0.6659096338599675,0.5955435442732411,0.5983188922828695,0.5863802095729927,0.06672817285278312,4.334328293208267,0.7744625633612473,2.6890774874349748,1.0082538873351012,0.02509510434739083,0.017433373830572335,0.3280602840635245,0.38762954282790935,0.016497644928559436,0.030322854196720428,0.011591519711288871,0.07110007097903889,0.13944884697987184,0.1432533254228645,0.4815006359261444,0.5584172387021789,0.4692178274722751,0.2024957101125367,0.30400546619199903,0.13105521881368903,0.042859974124240884,0.011345997669740546,0.03860246327441807,0.1807649499150507,0.1799866611850483,0.0989442382172856,0.07027075391412035,0.18475755906762753,0.5064014395212739,0.43639766981534844,0.11676981538736657,0.2857624863526482,0.47866775512441617,0.5464769297390883,0.18126419957319342,0.12988830369851084,0.32084654224277337,0.4434749734344082,0.46878065829801646,0.5590321122993878,0.5722088784261186,0.6833909661508952,0.9299499643142205,0.858282144314285,0.3987997141227713,0.27582631365114374,0.2327326747226666,0.15762094077165978,0.09201885404321095,0.12241139931045486,0.10850307396140978,0.07814151088155787,0.10688926568830592,0.21809587044651646,0.12388808852575096,0.06688073346543388,0.12567038043208364,0.07692206740560764,0.038758093858605555,0.06467117963600823,0.02446141839131394,0.021061210956083275,0.017741274845301965,0.021296670878830894,0.014427757025959637,0.014400920341485672,0.017237152864995484,0.03042980583062528,0.019431535363540073,0.015309275992938232,0.0072304564045585235,0.007442385197557458,0.005443081684695539,0.004067260765887041,0.0034298954350894455,0.002302352536785738,0.0013167692874348563,0.0009654457961810438,0.0010504402086450467,0.0018969462508493008,0.003067209042260336,0.0024985239509603438,0.002063241350959876,0.001962661087605197,0.001966016594837275,0.0015682258228606563,0.001046115470866617,0.000900571676230498,0.0006986607827830379,0.0003292470062410103,0.00038855268853849474,0.00034667042946406917,0.0003438819510583347,0.00033315021937907626,0.0004150631759553226,0.00043654030776337063,0.0002336681776834143,0.00015442990190535775,0.0003009784694184784,0.00031154114793934787,0.00037591553710124726,0.0004683405204068452,0.0009537182441505151,0.0013017751302739793,0.0011770969134285794,0.0007940133412936675,0.0002555287739618643,0.000669049214568009,0.0019658234504127325,0.00421615186136498,0.004915373486850792,0.0023947618843736477,0.0006851710580824718,0.0010372197400289709,0.0011593334384327877,0.0010312811910559356,0.0005889633712415952,0.0011298719771215726,0.0009711804584669129,0.0006069217385646736,0.0007896042607891564,0.0008876109322320703,0.0008319480343822243,0.0006533032708670814,0.0007089848522740831,0.0004000144979476506,0.0001970338156899552,23.420341995498596,19.642967325571913,20.699992845114394,18.374641231138533,17.521339500114582,15.196962400862683,16.210952002620836,0.13979285026579896,0.3792094533510057,0.5758945622266036,0.1575963826085432,0.14934399957738773,-0.18353840435897936
Elon Musk,-331.0903976951425,127.53532718694795,12.763540735873793,3.321166628682558,12.954409177802068,15.68667406226555,7.869300746529942,9.751188000657097,1.1573479047049968,9.649185474422465,3.623672073886005,5.49432515096462,5.218762276442788,4.6608674573683215,4.34650204326879,8.307345217039872,0.2041612482245768,4.2985269181442085,6.315803035557081,-0.2782405859044447,-7.885527586889282,-4.425442806129947,-6.685404757770189,-1.8778486999958262,-2.355656318697171,0.6248814354051236,-0.9688867270324546,2.896667264893342,0.9614473293140409,3.228578050931425,2.3147708084975664,1.151380102855472,-0.45122342829373574,0.12511773202440207,-2.8976168609313278,-2.4582383386393967,-4.913642571266228,-1.6450740390898335,-3.8331379984789455,-3.3872079381010542,0.40143556464612185,0.3894564777984755,0.43147171258821193,0.46889972793859447,0.5037006872687937,0.5737876790633749,0.7466114049474774,0.9101386071854873,0.66837135381605,0.5270808088147708,0.5070180847938291,0.5099926324209078,0.06714571859604689,4.315954545051318,0.7714646534390799,2.660269314762407,1.0043041294331791,0.02451067230714455,0.01772090319171909,0.3302743199690614,0.3920697177044354,0.01578138979827979,0.02942433534446446,0.007654269940478198,0.03163242784071203,0.05000809960851775,0.08949657533456651,0.22550742393345297,0.2913066618237812,0.34541626829904315,0.15936082180906794,0.1632289265107329,0.07659262017719647,0.026019122527400226,0.012955360030885803,0.05812869667000717,0.17540255507079155,0.21753508151439904,0.15417477617221798,0.135514267497793,0.0979026091324918,0.25854676406100446,0.2423047841620231,0.2557980251293154,0.27582054251684673,0.10822720967237655,0.11653579486768946,0.08999442847063352,0.12335988365020643,0.13201991008799857,0.10790649268516508,0.09426229496100627,0.12868162695087634,0.4486486262862949,0.2747055721133722,0.20416763981512512,0.2776546042108819,0.29953744438642116,0.21858982271648159,0.12734773564438978,0.09429613824419002,0.05688749052614701,0.04845883812536268,0.035584210160886254,0.038691580822184685,0.05732016853126005,0.047026717127468295,0.027734845744190252,0.03142283906945591,0.022508177449050308,0.01984756749507904,0.013426721653789813,0.01421765807139558,0.010403990938891033,0.0076661895715755555,0.005130346495690802,0.003004115307133912,0.002498432039598707,0.002720199296272804,0.005301770288952786,0.008448277450187391,0.00477097800195987,0.0036377682686617365,0.0018732688263435277,0.0017325110681781421,0.0015777951223826534,0.0018643275683117486,0.0009715707811927352,0.0008297952773649915,0.00039927278465911686,0.0002734064189554097,0.00021792970628830145,0.0004081710320866443,0.0004575178250613421,0.0005103106577538712,0.000537301106751209,0.000319051963229062,0.00026586927305568604,0.0003438536644648055,0.00027915058722094866,0.00015181968200260113,0.00011780676379680544,9.011494329280815e-05,9.047884602304441e-05,8.2052385230246e-05,7.444131365784335e-05,6.861151066517438e-05,0.00010898184849736485,0.00010316759289049943,7.179095513791738e-05,7.525335416033197e-05,8.089662132008632e-05,0.0001099048616327564,0.0001271494422468678,0.0001426829070912668,0.0002567398987786955,0.0004381607505413481,0.00040727649274252314,0.0003642424597542506,0.0001503805497290967,0.0002930135017091552,0.0010568382162539297,0.0016498703100595931,0.0020207259698334142,0.0009291003829290371,0.0003438252235380947,0.00046452010395485645,0.0005317813807016935,0.0004445014022430142,0.00022110350925868327,0.0003511759190667823,0.0004500521489366635,0.0003656067823582828,0.0001490781105988694,0.0002359680567338921,0.0003144807478982689,0.000236888546947087,0.00025611121268197907,0.0002582515767350057,0.00012528383044164713,23.275297085482052,20.16757592669075,19.188394763260813,16.903220498595893,16.641669059038396,14.822099859400623,16.365919798365468,0.1594321424181494,0.408093283758925,0.60259224477198,0.15992541892207834,0.16416163150513097,-0.191919443359678
Elon Musk,-309.6450180105688,124.86223593733773,-7.651021250107101,13.167749058689948,15.589243545758578,9.006381309127699,11.12901318862952,8.864026254210449,0.32157826069616674,11.278823125890892,-0.7157551023520079,4.656741106795687,8.7386159373865,4.149256300149673,3.5849885332328753,12.15830564880371,-0.5518352669103314,3.0429093362459496,8.695795150468378,-0.9151694450352238,-8.994045295644124,-4.110292489086412,-7.065034808421461,-2.5138294070467704,-2.3694466137561,0.4306229573184938,-1.2797843674597051,3.9816903036594398,1.416109767857679,2.5799412075758914,1.3737543286369411,0.28116009267202274,-1.431961041472926,-0.18633863322629757,-2.459920735857177,-2.2737530464444062,-4.991446321553562,-0.20182575922985038,-3.1510580288070766,-3.7804057562123514,0.42276382939056856,0.35612283655842886,0.38810063688797963,0.46292980098979497,0.5517721117492489,0.5978795517114672,0.6890209980223446,0.8204928762830752,0.6960347763760408,0.5504822855513811,0.5654873707366491,0.5140933308743785,0.06608746253442657,4.303447933040293,0.7715602359705095,2.6510975973734747,1.0002486627637526,0.025814201752218765,0.01751770810428522,0.32047075214145343,0.3820283134264449,0.015090264773155782,0.02716905774717246,0.005397830326383392,0.04174563455699267,0.12230978309477554,0.13090737963145613,0.10897550095603782,0.22167058595148345,0.5150580654421257,0.29979729402882416,0.3805378592334079,0.12241884862348718,0.02796352767612634,0.010237328352887223,0.019165854807379114,0.05202978237733783,0.08159946043037142,0.06881562733135838,0.060735487031660144,0.051397777941671496,0.14144158476253949,0.15783991536456743,0.3127112494649784,0.12437526202509798,0.07076867498084048,0.3243284686384141,0.29831555355235756,0.3368381100112878,0.13488675786881088,0.16016009819806873,0.4871334191995826,0.8169975184682684,0.641366644960426,0.23932523201048092,0.6546132138673717,1.2313312269861967,0.44513220686484223,0.15805347931796326,0.11788762946741779,0.2467799029580132,0.19950657283198703,0.15933359888091866,0.06635666043984337,0.09612842428014046,0.18018964333519627,0.3492521540073026,0.1159425809821674,0.09690995385094518,0.10159660400573652,0.07960209802077346,0.04540131323730537,0.030745665049567685,0.02327378384300623,0.02695474597629907,0.01938846766326075,0.013825826286600975,0.018367115587479863,0.013641376684310251,0.015910099929891425,0.04651052777270254,0.031395467226064455,0.012654740152842223,0.006004463653087665,0.0060800618189635405,0.004164722676995945,0.005147154771317696,0.0036326335444815546,0.0034310682360334686,0.0019476524281712875,0.001118344864181517,0.0009394531789443848,0.0024682439496733393,0.004838615507899475,0.004748920928339618,0.005023952425965962,0.004170203066936679,0.00309769600372881,0.0025439292370640207,0.0018833885895823642,0.0013202531013311277,0.0009237432276320565,0.00033764182849403164,0.0002285261793745194,0.0002334365884701927,0.0001584829385729748,0.00016934554700787723,0.00021906272620241253,0.0001579893961780858,0.00011526129905814718,0.00014195869310435326,0.00015379536391842076,0.00012979203121478314,0.0001956121872091756,0.0001471376845344518,0.00013463732788254444,0.00016291684617666553,0.00014266871543175665,0.00011105260712703493,0.0001022545300720005,0.0001490220669471337,0.00029501463868011375,0.0003996755386431807,0.0006138463749401942,0.0004993696168069992,0.00017954338378858243,0.0002306560257168427,0.0003259633963750334,0.00028138819646992235,0.00017775549955593604,0.00017578054409920742,0.00020062285499148957,0.00021927239415776362,0.000177209022097201,0.00021007974165136907,0.00024423666270082336,0.00015089611687318076,0.000141533482961822,0.00010462459563999716,3.2365966328614565e-05,23.706998320762654,19.900896927343283,20.380517575150222,17.8313874598001,17.968142076376527,14.923098162416107,16.172546869617157,0.15126334865473912,0.3912635568585682,0.5813615645172483,0.16156537658768855,0.15783217438594424,-0.18455999944087945
Elon Musk,-326.58897040118285,132.69721822733752,4.941011804831708,6.808122556699851,15.83818587336951,17.843437142926224,9.837773999312072,8.165967270660706,-0.16738129158140952,6.029540680857322,1.2271645736139012,6.347218580695697,4.989129791785653,4.055247204250151,4.673943764232672,12.002844864071818,0.8792254635824973,3.9073871425874995,7.312383620662143,0.7372809495428216,-9.133702205995151,-4.322022570299175,-5.86535099954211,-3.5862895586192924,-3.3931907341704153,0.8904674362552005,-1.2976630514235774,2.399269210536112,1.6885328926073149,4.074200171087365,1.173854993317824,0.40042718585168546,-0.8809352325346893,-0.8751945462856925,-2.9684620493514497,-2.1338705388670776,-4.564628926176445,-0.8379112064111011,-2.366697884476116,-2.500397251073723,0.43559455475637887,0.38846827972809916,0.43023306836699493,0.4935411309882679,0.529032977013788,0.5609520560624233,0.6917583478485761,0.898417422015226,0.663815966406557,0.5669515366671338,0.5373266587377837,0.5360989337592459,0.07792409975976217,5.107510367707686,0.91683017610048,3.069226658537108,1.1650165931362924,0.030336294797637133,0.021196046211966434,0.37007471299016503,0.44557113499069984,0.017053465825396463,0.03245983294663232,0.01201174941565812,0.05642855436124483,0.13839500206481545,0.26151237967025315,0.2982358112287452,0.33107256135874064,0.24411901081535808,0.24251168381305932,0.23662868418577224,0.0654755298520538,0.0250857837126776,0.006054961146926362,0.010110065562356793,0.04403240447801309,0.07558885528119082,0.12217432302665693,0.1694621456440657,0.0378303813106765,0.08631277581926058,0.1444512324255468,0.0871392536281258,0.14340994953570388,0.11355465090961575,0.1252104651918048,0.07099477973887987,0.037979454415767014,0.06832224920857462,0.15080763113700324,0.16015680457081435,0.06312562608283481,0.05839542374095557,0.25364324325017634,0.5254772819690617,0.2921191882266906,0.18197624975166268,0.16793786617470577,0.10749342444569485,0.10786405319783643,0.10001480731419775,0.04647080893168883,0.054764157142519455,0.101921779046679,0.05979818299878621,0.03469544313711371,0.04523935008141794,0.032910116411071166,0.016847877779013056,0.01794941800821637,0.013539604745766754,0.008026017105678766,0.009974464869167596,0.007418551722747532,0.0061608245448395585,0.006026469168707837,0.005642496974208574,0.0037759495984001114,0.010917788979238336,0.016167089538429266,0.012437219333982119,0.006854764998909235,0.00579033337010553,0.0034448103958795305,0.0022977013124671993,0.001654932137217324,0.0007848129056546279,0.0006293689994742208,0.0002930587703855219,0.00024504552000348173,0.0002571883858254791,0.0006588798941918183,0.0011834909174502895,0.0009617322439718211,0.0007922295419953884,0.0005791907346068063,0.00043911170589458633,0.0004049637919216805,0.0003308021020860637,0.00038725374274291063,0.000203355151413174,0.00011257837692899281,0.00012247988313577059,0.0001203930866889031,0.00014317369070880297,0.00015719038631876507,0.0003005247449092439,0.0003109522662156025,0.0001224769679861132,9.307930755913855e-05,9.670633187376535e-05,0.00011911746462190152,0.0001680019862736683,0.00016302151772771347,0.00021077300756776646,0.00014603458317510675,0.00011189869153436474,8.663742249884489e-05,0.00011416202607467644,0.00013035112902834697,0.00019441719088847105,0.000334888724205231,0.000671636456242166,0.00039649785310767163,0.00015223357156476879,0.0001506203517976203,0.00020397519426652969,0.00027925793042205547,0.0002259258416491232,0.00024804963632182604,0.0003817758207130053,0.0002459634499736185,0.0001567437933732743,0.00017583037073224167,0.00015273690798697618,0.00012245715974933154,8.870690649986122e-05,4.8697909400529326e-05,3.8978808469359464e-05,23.638667645283228,20.02127283960818,20.357762033603844,17.38308387665619,17.772943388296273,14.236656076836084,16.243364821443024,0.15784675363266829,0.4035215324517046,0.5944026795805744,0.15812331068279928,0.1630219935420867,-0.19114706089983327
Ronaldo,-324.5090934318588,115.23517227978499,16.307178250979216,10.512985042410532,13.537684176787673,9.049002650191337,16.20993858218986,9.36035653113119,2.4161630225847057,8.080543549178543,5.437933484898512,7.129569167625282,5.2429794312272,4.335029476781267,3.958364147599132,8.15888847854958,-0.24010148342676577,1.0129678978592929,5.385124980974381,0.8840612475727975,-6.791500592848038,-4.723014171806526,-7.355012784537052,-2.6893087636897772,-3.5561192930791727,2.048756331692369,0.811473789803287,3.4895186843548665,1.2676541730210529,2.591692945728953,-0.24887237668782847,1.7195996419701305,-0.22238076792723813,0.3872133928238783,-3.8346703530943387,-1.1184327365522806,-4.802473792203118,-0.8296593555040703,-3.4262257052316953,-3.0661624598187482,0.37301868926356124,0.3508132515152264,0.4278919029127347,0.43753581190891266,0.44935312943452166,0.5631382966755906,0.6768954127339266,0.8643576702429846,0.6596790286653077,0.5307259548072365,0.5714366471249883,0.5187633960265003,0.07557849080111331,4.969886696455269,0.8965431548177867,3.0459755283324847,1.1656486621878228,0.028564913597022523,0.020400566144805874,0.367820532908044,0.44874231924112123,0.017142504139805753,0.03191813557032356,0.005500943576758938,0.020442057709751795,0.051962247715431446,0.4498850975030066,0.7171571844343028,0.2042594007162486,0.049318405456302374,0.08261587863250265,0.6172519132476598,0.6215730314217778,0.05056642689929485,0.00315761400646072,0.006795335934460326,0.21902285537771238,0.848221363785403,0.5065285660057192,0.13122133597930205,0.016415793679343895,0.2836385630784149,1.1752628248485082,1.945319637520792,0.43902194595127975,0.06367107621272357,0.21077433146167934,1.0203627693753015,0.8947074638293532,0.20336184483982364,0.08686136446277651,0.2710755813552803,1.0289799892878275,2.178411603360149,0.5306368379258292,0.18025110745085443,0.34673161797555496,0.6808705656803744,0.7295812319596896,0.20593513710990646,0.049827913170799897,0.06291793893369384,0.2239479809918393,0.28186839835150407,0.1484280057872854,0.0793513747094859,0.17811019297380482,0.1731916163629432,0.20668611198774944,0.037194743684745186,0.030937798098006057,0.009748299022673112,0.02598202620316651,0.01399491630127161,0.005598173322184291,0.009726924443491092,0.021207048717475082,0.004028077591442399,0.010890344639211307,0.010434621938963927,0.011749365366530864,0.046357124154203955,0.014041218398033843,0.01262402378928356,0.008692727482298558,0.0036655915311904056,0.005739487722138939,0.0031632167095686755,0.0027996236837122433,0.0010229799287467568,0.001231613477978183,0.0017338467041863156,0.004097885494083786,0.0071106583524599,0.0043154350214500755,0.0016060395821470355,0.0011218422532929973,0.0010769130163338864,0.0008703420544142114,0.0008343054107280258,0.0009044400832532069,0.002323102892259462,0.0019138628360462172,0.000736968814703487,0.0006407528689657063,0.0003902991287784466,0.00044190074311960107,0.0006844477276804068,0.00038860758702213263,0.0002258014178233271,0.00019584095169782243,0.00021187890264504162,0.0003928070737897626,0.00037588235499247185,0.000317242810052104,0.0004136931829508442,0.0002382777117544026,0.00027953911542694825,0.0002663636643429594,0.00011912474289929839,0.00036362993826035615,0.0009341775880904709,0.0014934158417914502,0.0021275717250916555,0.0014674632455548091,0.0005351457071225704,0.0013450698980118718,0.002008915695037514,0.0014243576452504076,0.0011005645743622258,0.0016961666496838905,0.0007509582787242138,0.001161713723992706,0.0011404425625031233,0.002630121537425479,0.003490315628384352,0.0018148449161003444,0.0022437973922983414,0.001715548549746797,0.0008697256611801604,23.621370724135886,21.412245376777012,20.91172066430618,17.6170762785369,15.969503635378752,15.08402014810736,16.35966903034249,0.149186117516367,0.38297994531385643,0.585269173641774,0.1301880401583421,0.15042618545370234,-0.1841212213135693
Ronaldo,-293.6392132014507,120.76856264957236,6.692497944267042,-3.730960900056952,14.622145856146169,8.472270666104826,11.987096460001968,4.74887348676217,2.543272359641393,10.882302218335784,5.129652352059596,5.116751815851959,5.257653512434372,5.039874166656791,6.547428107317138,9.508133468757768,0.3364578236233352,1.1639871050102086,7.207789616776606,-0.1240211115007217,-9.390323777100365,-5.001234169712523,-4.844076115360668,-2.6623089657883416,-2.332733493273171,2.062987960984315,-2.607637819808324,2.9573831842369067,3.557829099086192,2.6893443635374283,-1.238801004069462,0.8885552328455137,0.3896767712727383,0.506083826977335,-3.3810856814758266,-1.2474442194030508,-6.102659347802275,-0.7882633852622847,-4.734307888475187,-4.019358108185255,0.39793761619982115,0.3823344628565445,0.3940902314395615,0.47749945158203255,0.5754348746308773,0.6008844833506843,0.7032197707421328,0.818713411637992,0.6542725366592956,0.5804393873220995,0.5632270662192903,0.49053655149307684,0.0761226112224927,5.005421860128612,0.9048315321343742,3.057440134718389,1.1744552252795855,0.028602165324456853,0.020324217543052074,0.3670025965487781,0.4514136544416988,0.015985413201148276,0.03143258880419045,0.01618085868549553,0.060363776692415,0.07751312669821392,0.18584608612359324,0.5859374622940906,0.5815457123518235,0.8053306634828002,1.4654297427906253,1.1894251649928187,0.299159756045632,0.0689238017472039,0.19785192734482868,0.21281270570915575,0.5400345793681751,0.7720360258314947,0.2421471294873187,0.37863345280916993,0.3353004676900562,0.28437769568851434,0.4400742347538112,0.864621820377483,0.7526378781572564,0.3674150638465014,0.5725119658706469,0.44195013212900175,0.5755312526288745,0.7042623186319702,0.25544730639518753,0.3146824434269251,1.1751041000652007,1.2931792967091982,0.5096151462577205,0.23750281404362641,0.3398928319379933,0.8910125168397469,0.5462859435415701,0.1629421512643486,0.09911192100935187,0.10687793844106874,0.09759763148753169,0.1080065512128398,0.20248812993290063,0.3072348066245078,0.352037360714989,0.33889834794187074,0.21024049961542046,0.08815077505506118,0.06420746508850021,0.03206178987579211,0.010021638503151657,0.013901863708699778,0.020296135148557447,0.013496846749181822,0.010065933038660562,0.007858851942557,0.007825496363497827,0.009812499032547972,0.01591159066256828,0.020445695910927326,0.012747611717446808,0.011442040781929478,0.007884304308033609,0.0042983416655543215,0.0030475775705461534,0.002412241916759425,0.0018469788679227831,0.0008401642315089316,0.0007292593997019739,0.0010070449115400623,0.002842118664276457,0.008630255572906233,0.005830212335601806,0.002788773710733767,0.001749434486990081,0.0012476125998205994,0.0007998950916545667,0.0007273902103842141,0.0007077238548103169,0.0009827634753927597,0.0005150815409316931,0.0003768106406538291,0.0004372553012905672,0.0003239179757961132,0.0003048793146731685,0.0003490724692673931,0.000336716373910626,0.00019792104172258973,0.00015667756337458288,0.00023017163243196318,0.00040371681859469467,0.0007393297060072927,0.0007870085278304915,0.0007117686460960205,0.0008908965837442077,0.0007492825837449413,0.0005505185851554031,0.00026222748974310585,0.000518340419889408,0.00129669719444557,0.0026307887480816663,0.004019153091893586,0.0024305868326799564,0.0009440119700123078,0.0022472199640244783,0.003822608022217546,0.002292869013212937,0.002318584756450444,0.0041149624158798165,0.0016531087526959747,0.002078815599368903,0.0020010191938036625,0.004846428780798403,0.00816609515799713,0.007035634052292207,0.00809153828617342,0.0048731386913757075,0.0036684578414234257,23.29635373239332,20.559264069953418,19.68896117914874,17.317575209372833,16.959445370554104,15.460228932547556,16.242998622033788,0.16292187254862409,0.3933550937921228,0.5742430497503991,0.1315181352370818,0.1618074526528559,-0.18054788524240262
Ronaldo,-306.6076908849938,127.70772362842811,1.438709172903718,2.905978238023574,17.08730878044176,10.708871844331835,13.10441729464038,5.66478218648295,3.087615461676042,7.266384517145743,2.1504670266970276,6.295571252091731,5.8655891311767485,0.7318868027621613,5.599171308559429,11.128891819081902,-0.40360092565884387,1.8822735415426153,8.787680760837032,-0.7618557374515219,-9.229873181056755,-4.138145801452803,-4.791122034635871,-2.2055544958957927,-0.8972523176539823,0.5918428783969644,-1.8568516256820207,2.3764858434176888,2.0891276323246943,3.2275860715027824,-0.1502927845337837,0.08214965152842212,-0.424368069051187,0.8173546349788422,-4.276002849336176,-1.7773096267395803,-4.370999705614197,0.3240058137446574,-3.2369302202946213,-4.094942152475151,0.42665488910199845,0.38053875708002366,0.37949022335247873,0.46358051874205564,0.5698060471247954,0.5633376231107818,0.7058855505048258,0.8702887163472751,0.6394392325615562,0.5500888800250385,0.5990818091627426,0.5436057705626013,0.07396836677309544,5.0238041654492225,0.9135101322936557,3.081394745053488,1.188763816550359,0.029924740295074973,0.02128046670216132,0.3852799481751936,0.47670969501196925,0.021658461839230182,0.04482758362602611,0.016764108292944738,0.10838322374710534,0.5743318945911091,0.5256432492543868,0.6095616691019335,0.6096335077298237,0.8704122034336653,0.5615380260956949,0.49450303392068623,0.22023780906226675,0.03701979396860811,0.144863839938471,0.2516825077599061,0.1856607095197009,0.058254343735988125,0.30480838452598796,0.9209583731345855,0.9640099549135027,0.3364501890012843,0.3497237422688139,0.6078844699485333,0.892847644688764,0.7912220788726592,0.6570851516604228,0.29772237249821176,0.23836485908823002,0.638121608795431,0.39798322899938865,0.40160856649390536,1.256511482160125,1.1962536850107734,1.2679052228330279,0.40900828612805196,0.6114437335135688,0.913650173399111,0.3361867140831677,0.09927246058054967,0.20061466163609135,0.16210514436349155,0.09244649639534333,0.12377033892041542,0.18155848577627234,0.1921192885221972,0.1832313020631759,0.20283359788659022,0.14296133986215745,0.05056834354127598,0.04628031582581728,0.031414777876784046,0.013890942183839367,0.012171249282388736,0.017617770298548524,0.014011451609929185,0.011259483344599973,0.011111855483020468,0.011288670226108383,0.04109224616042359,0.07116813539623353,0.05635980216765688,0.03210207610777202,0.01680652527018636,0.00901585812761136,0.004613680055897599,0.0039151701487342054,0.001968580297707142,0.0022173387483809402,0.0008021698132871768,0.00035961108464311784,0.0005065070222874166,0.0013978500516926852,0.0037604287624039986,0.00288059773298454,0.0017925281687030013,0.0014083693195934507,0.0015413098447017426,0.0013664372006954206,0.0009600827559476623,0.0008142756731996749,0.0010252425643254984,0.00028977623875942987,0.00017910999017012045,0.00022905369005248637,0.0001907827199982056,0.000166855939139617,0.00025132360333380394,0.00019705380258510584,9.885772082451547e-05,9.22498817713394e-05,0.00013805665782885108,0.0002869394511413684,0.0004701104905576204,0.0006658107913597727,0.0004662688196768332,0.00041725017155215245,0.00046650849882224656,0.00020650517040455516,0.00010756264597701397,0.00026587810302971556,0.0010386828230279789,0.0013247052500860786,0.0017836663290539852,0.00130783569234209,0.0008164649139469393,0.0011821720806635908,0.0022152431981888676,0.0023001062973094163,0.0016102838805449801,0.0022284870460738764,0.0013328123393751418,0.001568768609697119,0.0008196495752696537,0.0027507132241775096,0.004382476084549181,0.004301788666132217,0.0037071782064048014,0.0036225460911706664,0.0028997317271396974,23.885631007833187,20.83884250566133,20.3282095513536,17.189308838685104,17.74074124630651,15.110819986991823,16.156061503439393,0.17233467735496166,0.41165851976082457,0.6031678853282464,0.14885515624399162,0.17104610095797199,-0.19342780656322367
Ronaldo,-300.20568700637,127.19502713688328,4.716595125198331,0.0468465812479741,12.890174211350255,4.968371043826357,15.770076086317852,6.992324059530092,1.767051204773117,9.020569868161413,4.355722922121211,5.807820819498261,4.223452334135481,1.3927561315790844,4.98612185737754,8.829589580804548,1.2737760273186307,3.345358586118193,8.71060605598285,0.5283400113134539,-7.983620472680622,-5.024860418927939,-4.442504753921837,-2.481683996999404,-2.838306142859664,0.4205519527399411,-1.6209565584632994,2.3157734451735594,2.9237714819510807,3.805793261865026,0.6829160875361164,0.9586450850107961,-0.49774773012429313,-0.7827853309314335,-5.183605146843886,-2.628993681389051,-6.069919882728341,-0.9694019965510453,-3.8818801902539835,-4.169359911185838,0.4139573960101012,0.38581682326506145,0.4550491341987757,0.51344184917805,0.4827169704731181,0.5758838822971024,0.6389522831197563,0.8754136295170508,0.6923691993382064,0.5180642447421758,0.4864528219848866,0.5194931785840593,0.07665605426405284,5.003273168690524,0.9019531688869048,3.0605358930710698,1.1699383193522153,0.028506722921815043,0.02046817071789465,0.3751856103345095,0.4584115348088723,0.01798752780186976,0.03340866823536006,0.018497722027639035,0.18049728840178836,0.2388373886912254,0.1285034708116539,0.1435935380554061,0.6765037914434733,1.754021422082901,2.1944527100641924,0.6668904931215103,0.09601226785162173,0.07179823075337136,0.058555152007851545,0.07309407364827333,0.10505145964394304,0.9263961756952329,0.9405442766423355,0.22767802645503793,0.18718517858311595,0.929387369278866,1.325402092442401,0.4534406843795858,0.35060000949559644,0.4483355203318384,0.9019323148591668,0.45351839574767217,0.34058181770445756,0.632891196250496,0.7091328614580726,0.4263448224120524,0.20737763282736854,0.10055772264849006,0.38243527665363064,1.0359373403885408,1.0163331094717827,0.2639118875682016,0.24333709028830489,0.5491974147445946,0.23190862438251153,0.07433809468337448,0.14490900250889532,0.10986207468290947,0.08577907910397706,0.13465909468096798,0.21453385902847485,0.06960464216589222,0.04832393507861335,0.11444846969735584,0.044179400808888686,0.012113453444085875,0.016133688144730353,0.009695314629421773,0.012454264152230126,0.014798763771167813,0.006202816116093277,0.005482403918179135,0.006685615561545832,0.006905361037730584,0.03494665090494242,0.022686789334573576,0.016376086301835475,0.015427796379486087,0.005934195251618676,0.0041362198253185566,0.0038735960117793735,0.00309625582981004,0.0027106239259855384,0.00111891634801418,0.0008281266118130275,0.0016225976478298168,0.00355350606948386,0.0061181005224133075,0.0028751203882102327,0.0012690389134858225,0.0012821937322911412,0.0012895079805930498,0.0012773192044626893,0.0009041547478499835,0.0011173605827571038,0.0015767675375302397,0.0006627580164179619,0.00033547015300418087,0.00032627485168381173,0.0003292695348282091,0.00018971948116595173,0.00029773424583211955,0.00023559677001425966,0.000119136811599679,9.550537504960853e-05,0.0001003278845660838,0.00014394545285595307,0.00017798624876514942,0.00015363228298818996,0.00014671686426330493,0.00011984596237738507,0.00016162572162485962,0.00012155194617071692,9.593308073894448e-05,0.00022891912985286203,0.00045678843245766,0.0007303951072268292,0.0007859852789275098,0.000851944113813002,0.0005045660681520299,0.00046266457236671923,0.0008784914046201412,0.0012330898573318732,0.0008305204599028151,0.0008953122424407795,0.0006620270925943379,0.0006866202213603909,0.00033306382714939095,0.0007989429837032262,0.001460660923184423,0.0008173032213496534,0.0007638388926455961,0.0008630026960601542,0.0006177399002457622,23.45638351226836,20.603577080752615,21.862902801316217,18.574979807470104,17.811019397890885,15.20038067020299,16.114633133964084,0.13801117762073625,0.3902408656475805,0.5828393539540988,0.14721979083686748,0.15415875203048812,-0.17169308337494585
Ronaldo,-287.0346018095396,130.72496948079294,-0.36607159490780755,-9.84015350647798,15.643020994571176,6.023320417994264,14.920484581999874,6.6541470257521205,1.1816094939671817,3.3051387267593904,1.4639980348394324,8.593199333450478,8.33063017883627,4.1046832160671505,7.9507567211522865,9.404269881153137,-0.6323279672169657,2.29979599324811,10.242973983007225,-1.9096188156713938,-9.077350035201613,-4.424945990046042,-5.233241952113021,-3.0650377793770183,-1.1275211969156607,0.45226622426180785,-2.829487762532897,2.527272131545416,2.290523652746239,2.531991882057339,0.41868352820293436,1.256861782719025,0.5243240092037785,0.46456604107620814,-4.611662994257278,-1.240375941938288,-5.254145628908567,-0.3389823334601378,-4.302997403894653,-4.649385632859321,0.47811319509827555,0.40628046840579685,0.3797790588152855,0.4356258868920227,0.49032341224776416,0.554353319362286,0.6792196543972845,0.8058055420784914,0.6541647946158579,0.5827128910598752,0.6246278812431844,0.6279098274551548,0.07421145093444534,5.003617635753705,0.905136280505419,3.0634223962454175,1.1678982258582389,0.028351835464533657,0.02005402782914162,0.37342514896499107,0.45374011872777054,0.01721203295376329,0.03470079847183238,0.018249615825733763,0.0986244930561979,0.2611551883664632,0.5014794203536165,1.1194248441627395,0.9940181904148225,1.3224060130500075,1.4025687595708731,0.814083394557668,0.37540937428387355,0.1191974998975492,0.13461705850617364,0.37186843776909295,0.3593108434440134,0.42756855819117773,0.3075880188447462,0.15239799973554197,0.13328437161915813,0.24473350795355622,0.3642822693054836,0.4565394324643523,0.2845258640987545,0.3160078739240183,0.3352186466117763,0.37984725668297636,0.2699307883218018,0.2888594278298322,0.47563844750887185,0.523643261225166,1.2554727424439487,1.0760836020046802,0.832212932418513,0.8449827317237047,1.4965074128247116,0.6156491811585996,0.2562176962759411,0.18266871870434082,0.17744836644651973,0.06511992462890911,0.062026264926199705,0.15000597052774586,0.32040984493787755,0.29350385003737633,0.17990120728362116,0.17890287268793004,0.10789638488977878,0.10655397842480797,0.12018022188526097,0.06556936545163611,0.02012260346311369,0.03397902422147584,0.016834554457473706,0.010618980583038038,0.017056299979530197,0.013933432985799628,0.007307166574861868,0.007895370555921924,0.014876094789822415,0.01840163003597536,0.010992110437194749,0.015224495453737922,0.007928490790103616,0.008158151895869556,0.0068379092134099205,0.005359435242572694,0.00322727102343417,0.0014466138106428751,0.0007369863733348482,0.0013408470691506967,0.001835112159210399,0.005608254870057283,0.006074339869127285,0.0033837427355908074,0.002189685580355677,0.002244604950410465,0.0019487575253625013,0.0018457812442838203,0.001352722750570774,0.0010682924505461193,0.0003758844684466055,0.00019619018229956493,0.0002541594657802644,0.0002238835014283135,0.00023194766470036529,0.00025676218630375,0.00023336679201067863,0.00011435732473737953,0.00011706111134324876,0.00012480822345524537,0.00020029588912020313,0.00024394180049617793,0.00025295779243645375,0.0002713268248577567,0.00022305849311389712,0.00021143776451506101,0.0001695475859700619,8.423788557742874e-05,0.0002184535487990803,0.0008227631618300001,0.0020355489749113616,0.003041601350622345,0.002348479029718024,0.0013105963173832772,0.0011197494851633702,0.002352681929787036,0.0028447130255299115,0.001844124040029315,0.0015818498355868848,0.001530403505715179,0.0012860612308596873,0.000851400625687682,0.0025893433930402553,0.005216918023021999,0.0024756593870289938,0.0020392467587214184,0.0030116568843434237,0.001552821445416197,23.770985044964814,19.914488272369223,19.92414832274224,18.774955318526036,17.591569296909736,15.368411162160623,16.253112774876467,0.15150039107365937,0.3743223989778382,0.5627026646380487,0.1417839849862278,0.15367975446749885,-0.17652200446367816
Patrick Star,-274.31902867862175,95.58486523040779,-4.021670766519498,-6.883733922030489,33.88033682754887,14.166740417735273,21.417441478376038,1.7093538595615343,-0.598188336359354,13.6538681795641,2.1696608071183934,7.782307242409397,8.190920260803733,0.28063952307475,3.866625926630742,11.300118178950234,-7.319543344159268,0.5550016763400734,10.660424980541976,-3.613310250921189,-6.977851074717015,-5.105449584053905,-4.224734746524836,-1.7689365117240274,3.767269267732144,2.0406466084255563,-4.0119283462799284,-1.1341098623384727,3.5682915120586465,4.4377097600871975,3.0380942992281463,-1.2500495678769281,0.6355949920227182,0.4340092349314246,-4.627353961865062,-5.576297920470985,-7.568120068595192,3.115524730392615,-1.4479295599337874,-7.559228415530339,0.42763534194799163,0.33380852868622934,0.3714305216175322,0.44631329109885726,0.579268399459588,0.49970093654051145,0.5194531737055472,0.6788256039119787,0.4621573357680387,0.3825271764518709,0.45268356522950326,0.47927736284770395,0.0750407201601252,5.019704575389716,0.9086068774949847,3.043188499093886,1.1634064303445268,0.02883412446084334,0.020411984712959495,0.3664039708796021,0.44713745490995954,0.017058038213228058,0.03704555783797909,0.021137961197578214,0.06961127269934639,0.20234090363953228,0.07850145995035614,0.1621534824055051,0.3699422181707287,0.13060448728612703,0.16232885087067905,0.16024791907920186,0.06688293632244437,0.022468944249068302,0.031585196740958235,0.03963344940958549,0.13182975519641094,0.09770388336989257,0.06160891195565773,0.0866602714260234,0.07205853719713874,0.06521436124210361,0.059533803373489326,0.06961069978715922,0.14136887738094542,0.362066581509978,0.1867375757074359,0.10457024153640297,0.08439629137042105,0.10096362214224304,0.1289691694417002,0.31754150410307247,0.5907265026542147,1.0745200877796353,1.3445737821384194,0.9112731413869012,4.051393099412764,3.6066944007744577,0.7326579795849889,0.40133300160985536,0.3251381980918186,0.6113139329340882,0.2782831372218998,0.3474328888477642,1.0334751792612038,1.8057762815166591,2.272057164757851,1.2785923635369434,0.6022573352899468,0.23476959749749332,0.20298105770574335,0.21043729079486656,0.07428630859505345,0.19128670748984758,0.24728222126779462,0.13437741770024547,0.07400824520783099,0.017954230015004093,0.008582196619827074,0.021695707158269635,0.05649621868296599,0.06415199898245891,0.038287875399645295,0.017100711594259684,0.013687106731701088,0.013198410441837746,0.012215386355253243,0.005854711304752027,0.0029346299174627245,0.0011165702549887275,0.000634744928637815,0.0006069468994959733,0.0027305661995488495,0.006877677705794176,0.0071036572847417235,0.006328002793298588,0.007058518579078011,0.008270297624727441,0.01205650061471014,0.007497485846507579,0.0029684671665094926,0.0021922688515490286,0.0009694889588474855,0.00046697259442261076,0.0005755435328805043,0.00034280144950793906,0.00044906247296216527,0.0007855299941390184,0.0005793502892784003,0.0001731860411688189,0.00017292004882666387,0.00027984994104917433,0.0005919378546874793,0.001290205808363086,0.0015091229512543439,0.0008969706817369999,0.0009220443921995564,0.0011531405647432103,0.0004822288476790739,0.00024196037289105112,0.0006184947008082202,0.0017634009915138522,0.0016243803095850114,0.0026734512555710733,0.002524732833089159,0.0018078879282525618,0.001670470642985355,0.0038028690016662647,0.006959083401822425,0.0042705681766762125,0.005263868970376805,0.007645140132765168,0.004949503956870365,0.002012602716214152,0.004897150800858357,0.005190430762573129,0.0034615333901214934,0.003912497305686885,0.006337899178049929,0.0026229426536928725,23.446740687407274,20.424858300949612,20.591198184150965,22.05386902492931,19.82058717300472,16.691848567694635,16.873938923366442,0.1575873533722642,0.3947903287825972,0.5665615065961597,0.1625756397950414,0.15328054415965622,-0.18481996579898502
Patrick Star,-274.31260752516806,91.32970586566826,6.601549917163917,-10.983525855532067,29.78168924136451,13.882106865708737,22.59302646590759,4.215514909337199,-0.6042647925116434,13.381389513300393,-0.4751240817668826,9.438783356540888,5.330160421268696,0.06591500417847652,6.435376714309798,11.039398379619957,-1.8483932898945983,0.6129407771862888,9.005393713665706,-6.556351644904282,-7.539796533143527,-5.297707902090341,-5.169362730636665,-3.502084666546573,-0.7449032835655399,3.8864771726142666,2.3025317242703545,4.212798768998224,2.758740871866367,0.851196367358595,1.024478616399146,-0.8333660162447052,-0.1802460973618311,-0.616014380037114,-4.131692895854028,-3.57223403343078,-7.175367534311221,0.3700973090271514,-3.7052145450327925,-4.1839772547101495,0.39636290803786334,0.3898566898074511,0.39510778352400433,0.4317252071186333,0.5085497000200487,0.5348477366080863,0.6303034150127345,0.6798380331729488,0.5206086890424312,0.5288818302383387,0.5203630250364292,0.47357245358597155,0.07869984878270105,5.0032972182316335,0.8961788446950106,3.066632356193165,1.1731824593894922,0.029391912589882087,0.021458652841673483,0.3765570174061906,0.4554571667340627,0.0171593954384056,0.03490687007563175,0.021962107993223547,0.07153117331723768,0.1563494932718016,0.15801731967333826,0.22818927239435555,0.311531112711069,0.19696784968225364,0.37284805963230566,0.38990404816122887,0.1383742722684696,0.037227594455169565,0.019004033441271887,0.02013441607615292,0.03541218698992832,0.03165106717347422,0.024463002698225152,0.051135509451202404,0.12027868422725738,0.20059081225922093,0.44623054443945226,0.8316396880891146,0.440189255738144,0.4445065003818555,0.23866451879821185,0.075321604500429,0.09164103749923685,0.2875469155678885,0.9945339844941994,1.3344463933430653,0.37287993579590134,0.7760644681501477,0.7074860647657473,0.6781688191156287,1.1136975603955719,1.4550834834116857,1.828760277930491,1.0237998775963557,1.0504418316241848,1.6946458728994795,1.7505750122487838,0.8324344096817032,0.6378991184003213,0.3678531617615086,0.31499236672277875,0.4678349920408279,0.21455799407370957,0.13524737882713897,0.24433446742370005,0.11913910302551434,0.06349376465731461,0.1341059285538869,0.08038066253379827,0.021414435465764152,0.030140308352098424,0.020634185399898138,0.018991364994433053,0.013895960322380623,0.017231514476765394,0.027586007138813973,0.025028230766494512,0.01990249754861635,0.006841130911569307,0.003565253393034453,0.007533851813918957,0.0069698826442880606,0.0027781658143819143,0.0007062592403951631,0.0004836318120097301,0.0006120467191835222,0.0018770139425623804,0.00247814306829724,0.00301952176920071,0.0029244225152528273,0.0038308181853225617,0.003428955670761528,0.002766502010928502,0.0033666951655078685,0.003009309811208804,0.0026051112287344257,0.0009639208082123041,0.0005966186627474996,0.0005496758900791288,0.0005544694581690097,0.0005348553899019675,0.0007985525942123502,0.0004304187553528636,0.00029936448672065633,0.0002953458569577284,0.00042367433012985344,0.0008459288119056031,0.0014208723740806075,0.0014349447868144236,0.0009099855827337269,0.0007355663349556971,0.0010071311426335119,0.000504057035694374,0.00022202290403583282,0.0007864993751121443,0.0020263358321741163,0.0021922159112192255,0.0034996388288806913,0.0029518360511803427,0.002438599033784513,0.002089365371138711,0.004493090358201057,0.007831927954687306,0.005134819969513905,0.007119953228021617,0.009604529275687985,0.007557418129965733,0.003413379521136672,0.01070668844343891,0.010999001983606543,0.00707653459376471,0.005451762454295923,0.010665500723836565,0.004750946506268044,23.36624492904519,20.352493357257817,20.820377145837387,21.272114174779485,19.228785250171633,17.29687214104413,16.84779465449075,0.16127960001732589,0.39252154337864614,0.5703858975218378,0.1300611721518663,0.16410138898011714,-0.1807459015755309
Patrick Star,-277.5827059652644,93.92263055500246,-0.6252088974323807,-2.4127891015138117,32.88233390728747,12.621959107946285,17.682963606622998,3.8623659146534504,-0.5371846758318874,14.782158258089147,1.2741483997075322,4.631603142587348,8.664203538544818,2.59078387964405,1.6497385864350853,13.590302712126373,-3.359886847095766,1.1971608871919894,9.545720997509012,-2.524847044229025,-8.790546567042544,-4.370406203146156,-8.011978252347365,-5.6684523052731315,-0.18587464308787147,3.397246485358285,2.0183426568424903,4.594224536941641,3.413948379594498,0.3821715098869098,2.7129786379624363,-2.0875273492563675,0.0032021345843348957,-2.711509906848723,-2.970068815150891,-4.566533823662095,-4.654342941330791,0.43694116433532915,-1.6246516175650756,-6.193918766026845,0.36195669963227867,0.3515519341933569,0.40038053332198065,0.4695549453623442,0.6036179881937946,0.612385465131596,0.6186978235993927,0.7393181135125693,0.5548268089518836,0.49211628608251207,0.5140517258942824,0.4774511466669008,0.07802986268578618,4.995809564301047,0.8990034057246797,3.0536787764503894,1.1743618013670043,0.030135561892018464,0.021832412333529644,0.3685946829048944,0.45025535766746133,0.01606059838802208,0.03160253863039065,0.012278016770368749,0.06880943930006793,0.185607324093793,0.28515851407254494,0.22513121776755404,0.24756786625960628,0.15770783354373508,0.28083804956656877,0.29104599048594043,0.09760390063543097,0.020181847528280058,0.006346420836930955,0.012356769405584328,0.06353452829994517,0.07202493582057326,0.0865956688416957,0.18395644745477252,0.183504487711796,0.29374313656580736,0.30273021152268875,0.14194362501713412,0.09180688951569795,0.11871414539076151,0.14887015376582632,0.1939512204406992,0.4994168539475712,0.6804110031211447,0.18737706396911077,0.31396717058376455,1.6598139851688094,0.7369760872812302,0.6615190663254829,0.46388120998499954,0.43607771434339204,0.36139552415209225,0.31984296886715047,0.4282662761348148,0.5076778376914344,0.6020362416953157,0.5150056297569333,0.4224572195817972,0.30073289816361654,0.2903471949448637,0.4530051121817715,0.6523282258953068,0.43576482300046443,0.15109515317154185,0.04808197717061508,0.07455511303258243,0.09825857837225803,0.10740353852224617,0.1162782656539007,0.057815330537412314,0.04855414690963278,0.0345849119704676,0.04129143818890159,0.07355113624147598,0.057513202917041095,0.05367867581315957,0.021283893533499437,0.021048487635753916,0.015223164844011242,0.010612290097052182,0.010237433906128498,0.006222307531808835,0.003947505068914195,0.002170783518483088,0.0012187188425741757,0.0015440207965309676,0.002865019052715551,0.006525966243910288,0.0072392813560530735,0.005167230158622695,0.005553199045340295,0.008639697927338267,0.00890678417878787,0.0033937962361005845,0.0027426565787305947,0.001816574006251104,0.0005280467867261658,0.00033231193638746655,0.0003855849468026418,0.00031737811215219475,0.0003186163939169247,0.00054927473579056,0.00046183633668577,0.00024561940168530956,0.0002609234516545492,0.00039570774874967204,0.0009362299788279763,0.0017595123863568477,0.0013888233006737437,0.000718512394347779,0.0011410268361067804,0.0014338883316238058,0.0006473079138307199,0.00020668439855574703,0.0009121722558825814,0.002776553433178512,0.0026619924255418884,0.003088584680894604,0.0025169440413665947,0.001738206627247024,0.002643714329786475,0.004299904235083792,0.005088793572719252,0.002953329710052736,0.0049247529680628115,0.007826429319764721,0.009042364652521308,0.0035737699738472334,0.003211196772836339,0.004451562069035051,0.0017640187638857982,0.002027998049040193,0.0034766628270551936,0.001691420355391036,23.188434527786637,20.61529724636068,20.700836384233572,20.218106484030198,19.101878550398247,16.05588380979153,17.251891318706427,0.16719809461045515,0.4055955577665142,0.5798726292662394,0.1364275986487846,0.15919518710524308,-0.18690229692267304
Patrick Star,-292.38081548559535,101.98337230441554,1.7750514889841789,-2.8007381091696946,33.197007944542655,13.303229986771491,22.387850491726308,-2.7807535622397745,1.6910626902672534,12.52879711464403,-2.160220171921807,8.33886122695507,11.25666740598655,-0.9184714279897201,6.804428451667844,11.268508509294834,-4.561473855239956,1.9561133469259984,10.545125154577162,-6.204820960255786,-6.122242894972699,-4.211629693989276,-7.907861090195523,-5.018086336848504,-2.5573070919951135,-0.5242184541622703,2.3068755633268365,6.2063516866998665,5.726163243975478,5.190517750028938,1.139568730947696,-3.2077245108751073,-0.5476333693583925,-0.3975193980308887,-3.6065404400833603,-4.877278790853479,-6.135730058452357,0.15060549046208535,-1.202651057713127,-6.06312362355129,0.37187906941615256,0.4047549899269645,0.36010143821292756,0.4249904400201325,0.5609580886869132,0.5631936478611607,0.6337504696697643,0.7767628166227941,0.5746114154576819,0.5382720843251383,0.5022287200883992,0.4982921325677631,0.07499751992871703,4.995832063575707,0.9021991022664789,3.0637677185434207,1.1706980358509065,0.02888298662884625,0.020661775825944147,0.37804411854774084,0.45970293502636,0.017803097740834207,0.03674671444024923,0.00992420414197463,0.03608877387541367,0.1024891051027724,0.09045861474291494,0.19202200185015555,0.3645537442120294,0.3909858595991388,0.4129948455642891,0.23502018439033348,0.050678707997781604,0.014558610688982399,0.006079725645063233,0.014836363883093088,0.03288556173630498,0.04628637025616575,0.02355444002777486,0.05622295458537114,0.29680544794913316,0.39596496823497834,0.04408533418077713,0.0376712438776739,0.03427807816318047,0.03600363328867063,0.08436138808755086,0.07916894709805117,0.07151672269735396,0.19009248226485082,0.4752557856556415,0.4613701403169195,0.18104218815440157,0.38377333703899663,1.5790747147844375,1.3318630371465197,0.3735604964307355,0.17443067717792549,0.3009881916003688,0.6565857982119362,0.40991499075075244,0.18239428817176143,0.10306185496844392,0.16188405463759895,0.3510040088036428,0.3273672468236456,0.23612606607095832,0.24991114639548836,0.22457338312721575,0.12027373152168587,0.09117353027071674,0.11492221585961467,0.10096230255534747,0.13222819677374276,0.11024532869186764,0.04996031167586279,0.01889579663794702,0.010859820016704425,0.02130187328568226,0.027938568189332706,0.029269195879412634,0.0252353013734063,0.022605489931745236,0.022702158354422877,0.010805660422525338,0.00713538327251894,0.006353602074447772,0.003932243232109857,0.0026352297995481428,0.0008701379396399196,0.0003406724912389979,0.0003082887138933834,0.001313878153611269,0.0027796598081119965,0.0027429557380408143,0.0025152591769117844,0.0055920050219853456,0.012308293860942753,0.010634921294594818,0.014647210659212132,0.008183169949639609,0.0031482403460846497,0.0013006191382014885,0.0004501145012387725,0.00028164795323807473,0.0003163943051342607,0.00025325444611893206,0.00024734918279108224,0.00020136981062755614,0.00013283094650959042,0.00013666913590067097,0.00027313233160686603,0.0005705729564535839,0.0006530320589017236,0.0005920094954807,0.0003975872005602842,0.0003507697019848682,0.0005714085469571213,0.00024359082302814378,0.000123216266732696,0.000452283191326013,0.0008976121930782376,0.0007309785598631533,0.0011000691152672592,0.0014066314746809722,0.0011557240905465842,0.0009037103408837097,0.002368544152585929,0.0024001561003901394,0.0014388254887676988,0.0028319142140742232,0.003159730612322694,0.0029156105492677904,0.0013342021836934917,0.003466088235193185,0.004584983105675308,0.0028242148562925,0.0029495453910833823,0.006034713464563266,0.0024290427352979807,23.337586532899188,20.772106862449967,20.778262504284733,20.083308793497256,18.44600231077315,16.401528958139533,16.62078491384643,0.15445649738147899,0.39272120514971887,0.5615116783986874,0.16065823488974112,0.15590065686820523,-0.18767630041410663
Goku,-254.76322780961374,101.48677237005126,-27.544748499451483,19.11517583801271,6.848631311572869,16.608840108441427,15.222905895584173,11.980481431134326,-4.493462007443439,19.880845393553322,-8.432625118200889,11.783962985488522,5.59453995544459,4.405240215220907,0.9232366073251015,9.201337598180242,-0.3147925557038755,4.478511724323758,4.9811105904480435,1.0444044936353987,-4.836088104356798,-5.83639930301215,-4.92405391319291,-3.149173852899702,-3.0662317117925366,1.7559531310117729,-2.1737577840776945,2.256864825598792,3.7721261768522196,0.9645750922228625,3.3135177288029376,-1.04232844408051,-2.0377948877461907,-1.500486465994652,-0.828964533909697,-1.6270849494682296,-6.206585639831188,1.152149582349494,-3.404061408752304,-2.642936113893849,0.47514964051433745,0.4316936184317319,0.41352691959195753,0.5766444623229122,0.6217517023999175,0.5875828029253933,0.6738188325070308,0.7611234026100374,0.5769391845206777,0.5098410916879782,0.5039443532121473,0.5257782427730425,0.07497878892069505,4.9774018165020415,0.9004603997107294,3.075958031081968,1.1712824618095887,0.026751822537292108,0.018987491078990434,0.3698896376490753,0.44910113663419776,0.01634301157256256,0.030718211438036633,0.0074977553484750666,0.0779977993952758,0.23218875563170502,0.6531702437480894,0.3165820822033176,0.2876227826492893,0.26927296326208855,0.28703654387986816,0.3311038668500571,0.1010140739792746,0.032099159971310354,0.04912575057988647,0.07120675246655989,0.14011163198669963,0.19552256680365518,0.2543441695397905,0.43593234007733545,0.646674825627616,0.5226674718004292,0.5680816931638858,0.5336963352303074,0.8293346953736883,0.7989214264755238,0.6492749238191753,1.4849331129151995,1.005086859459422,1.3660468013300584,1.3976836091729508,0.9453272259844347,1.089569180514114,1.1674915953320748,3.785177274260159,6.512719719390945,5.401735185923832,3.3497134159043775,1.5030124560560556,1.6141653506032843,2.24727192110503,1.6245388095946607,0.5131568337078725,0.9417856110859811,1.6779034361784588,1.7862717591297625,1.6502973205709488,0.5538947737924703,0.5279298489106109,0.7886825829138318,0.5101919542389931,0.2750117656202705,0.27641355235821774,0.21326076308615088,0.2529609103282562,0.22559028064307463,0.15706887187869928,0.10576812007164707,0.13559185524320785,0.2608951000870837,0.35553601504677357,0.22911029674251857,0.12809410606291227,0.24723971227372243,0.08353560907839946,0.03771418855762235,0.12163556085987677,0.1415835713382573,0.04787073711422003,0.022590144732618115,0.009083617481557527,0.009835621836751914,0.05843047157383577,0.12030614176157708,0.1211628364388272,0.1022848903456527,0.06354923664304164,0.0584090960319592,0.039470914743748226,0.03951027079175081,0.04076146421931359,0.034337223023621556,0.011000053040571943,0.009312342415545993,0.016790229439082708,0.014423029214880607,0.0026059890877486473,0.0024356906941065495,0.0012575709193916147,0.0010597949421035837,0.0009672816046897031,0.0008804742444711919,0.0009910418929660666,0.0011443113755788869,0.0011078015118332325,0.0016172307409051479,0.0021600050753014417,0.0020289858333384335,0.0011246079177168339,0.0004980535158764833,0.002407702537908809,0.009640561598604453,0.010747190587653303,0.012345837370533783,0.014387900424501098,0.005172909115876101,0.005969415047618257,0.013777677294180621,0.016238865496409877,0.009563442487946563,0.015523435590406844,0.008726163781463812,0.0020104127166693567,0.000669621322803312,0.0005216697359391156,0.0002902032595876264,0.00016060958695417117,0.00025881400268750783,0.0002067969902821123,4.713070130647562e-05,23.636285445664242,20.841633073730982,20.514128131173216,18.21077507453998,18.24560399019002,18.856736406605602,19.07389020069583,0.148359499998838,0.3987076651436838,0.5696535104368912,0.1483144355216333,0.1615450490669149,-0.1819803338773178
Goku,-244.67606293254389,110.96154220414192,-35.82215358197795,19.935279482122212,1.106980769975112,14.71303855982644,16.62434292204243,9.883956561182242,-4.169559281841522,15.484623289379675,-8.113439522618297,11.499054747617523,5.298222003625753,5.472308598667467,3.1933986969896133,8.303631500707827,0.7653804135924376,3.940614907795507,7.475607772450076,1.0864456633340407,-5.7383460167809925,-8.402454599921958,-2.60089758417572,-2.9296697918129113,-3.2840903424275822,3.277471381656655,-3.996440022423478,2.2931184612990143,2.786681406738815,1.453048058570754,2.6310619454031583,-0.25209234634563,-1.3225969933155046,-1.6213840527924812,-2.805221320580131,-3.3878354567698756,-6.303901519596705,-0.03268086976581737,-4.0869046427045435,-3.5232804352860683,0.5005207726718957,0.4237893897315161,0.4421328233429394,0.5377245904367013,0.6359390010860663,0.5939101135845662,0.6550138373983834,0.6776716136953677,0.5554094957393803,0.5502852339080534,0.547146292465078,0.5798228186088642,0.07765231077800847,5.000444204436621,0.8976433588116616,3.0531052535833796,1.1699394039098516,0.029090387010255132,0.021052721377124883,0.3666727444022256,0.446775058928901,0.016023464638547938,0.03135740998045154,0.018959552889804807,0.15564731769741247,0.8016269116899859,0.865347681860571,1.9197965492222888,2.139700470448093,0.6982035828308722,1.270008763708844,1.50738158836926,0.14837740583883322,0.034929837449733686,0.04910540302568771,0.1483163562670839,0.4526862821035335,0.959194113102756,0.4049226935409898,0.820396681364198,1.4519358976873307,1.0750519156735119,0.21874074471068689,0.8352408106633743,2.9526741772545213,0.7008373965338955,0.6579387619442987,1.2930380665892838,1.4019552423204207,1.092582778934623,1.1537172518401013,2.0527786331234417,2.0547892263251253,3.550946692833076,6.655535517647903,5.196976867614227,2.839251962636292,1.5957335271191448,0.7532859477146591,0.5179700305668945,0.7134126060176035,0.7995849474054527,0.44752257623654684,0.5174414761252787,0.48525245084477164,0.6095384633261144,1.1424481610227788,1.8432541967220446,1.1119159276982344,0.3279476166590714,0.22023723194362135,0.2950123206850749,0.2422023075725606,0.31091897963019266,0.1863853244127678,0.11278792110748041,0.1987632728321451,0.13979782391622833,0.10676521532753074,0.11289342546995294,0.23000713381781537,0.21473288758200212,0.15871353571550095,0.15897939207513845,0.0777719700641305,0.056959206233795426,0.11580979134351709,0.051794821063374165,0.052515361330206255,0.03778947079638092,0.0075290173806523905,0.017980059964903487,0.06045989319740093,0.15044356033042056,0.11861715073123077,0.06557795745584595,0.052622268517136486,0.04379012211641233,0.02590057140287885,0.020245481595877548,0.02077462318462032,0.02059949175733453,0.009606412938422697,0.008988420752253168,0.012000509313574655,0.007506884285204336,0.00312613783794089,0.0032175448556482768,0.001639421838851043,0.0010629304453859782,0.0010395387189851783,0.0009773860308335371,0.0010789081609969323,0.002529793495366372,0.003287237923929798,0.002501910488508523,0.002573257058811747,0.0024652603070751634,0.0009770096850883721,0.0005015925037375873,0.0021514562075098114,0.006644329775820701,0.004910116388786829,0.007323401654240139,0.01311973491799376,0.004045809023927975,0.003555144997727455,0.010638045379399937,0.009977215001885623,0.003176540324809964,0.0038174628481829585,0.0014504161283982752,0.0005637538636505423,0.00031564263195972705,0.00022509685485552465,0.00014831537357683493,0.00013955247217776944,0.00019339547141306664,0.00029120383580070027,6.0017070256354796e-05,23.929127358297123,20.914963011429812,22.407850616335594,20.299441129598314,19.23860694826942,19.809734712827424,17.8690211187099,0.1479347945812803,0.3628301601596895,0.49268449413422605,0.12118399483539287,0.1409069258432048,-0.15606531732149642
Goku,-246.71402390702963,107.4198141003334,-37.079558505766734,26.070090464665384,4.387568898531333,8.826486002220365,13.999513318719952,12.041981325557444,-2.8835305398084263,17.741523458934086,-7.217382125956497,11.894410092248739,3.7173644401263433,5.856545824387285,3.3466232165786525,9.897811151046172,1.6360787075375247,1.5091651828811998,5.485388265301796,0.8226731938325338,-8.432332913056458,-5.134456369365817,-2.692629740862245,-3.611081865260891,-3.395629407238829,3.286733571196696,-4.080469439452086,2.899429071656037,4.386282433779847,0.48313466770832514,1.5834747060649044,0.8851302170344725,1.8056039188974993,-0.8391264863711926,-1.0899381470088971,-2.8512842327155723,-7.688450894760964,-0.6467935901192795,-5.2243917463495055,-5.172354185517863,0.48482102585362,0.4627316415439583,0.41800589169302105,0.5834912295695486,0.6537871656950378,0.6019753516591434,0.656139567423862,0.7398628377534436,0.6519858215773265,0.5411851023550712,0.5590012786808892,0.539009009952897,0.07637963771719267,4.930007426958197,0.8909894765483329,3.0145538520804127,1.1570627508475062,0.02739226901531004,0.0192746303726669,0.36922657131543785,0.4539565315472134,0.016619915103809182,0.03222645652812391,0.017222106509385736,0.07228857664226396,0.12191959897070509,0.16732892746540026,0.49973908243258064,0.5531392674776531,0.8280967197464426,0.5068811339318169,0.25746386158100765,0.0671186991989425,0.038155248086364654,0.15385256027136315,0.3555641393790153,0.21903849485557264,0.14941874800948018,0.14508284459016604,0.24020197782396335,0.7471057398479626,1.377386957511485,0.6634549037906463,0.6081613678124194,0.878119188944698,1.0049940785393165,2.1508062177184417,2.2527222595135825,1.2116731532275695,0.7408304227041765,0.6426430506290394,1.4654189617850009,2.3533458464147707,1.3704742805236891,1.437878714212166,2.346207979177933,2.822657987948397,1.413365310891204,1.0965368455399243,0.8276082247874263,0.9754909433107469,0.8848229957769661,1.2928093732330226,0.8011329997483592,1.2462674468298371,1.5630922214932976,1.1906378861967888,0.7184069371247199,0.9464499851239384,0.7877378603326682,0.5199061431837143,0.42153415687458534,0.410439432012968,0.3085628406170915,0.2593524750762059,0.30739317242055275,0.21122023880810814,0.10695002313071991,0.1356447087855637,0.20102324007406386,0.24113902987254165,0.27432643272286,0.21955046214695817,0.16771553007369433,0.09626168086164061,0.11498879085531342,0.08790371808746245,0.053802305161401415,0.05936038558216615,0.02715058077209682,0.01253339128333065,0.029914285259957527,0.08671500501706177,0.1771815432281797,0.16489234056038463,0.10279246444373022,0.05625623192113836,0.03982742219862457,0.027271205700085125,0.013900377253558692,0.018811728863579607,0.017295054333196797,0.007516107644008925,0.008258338562180256,0.010598403010903448,0.005190842719179913,0.00294893979043496,0.003278695009387076,0.001491711240094992,0.0014773827524320903,0.0008289380771092638,0.00042547417214979953,0.0006283008604415205,0.0010473713237655,0.0009312748993331079,0.0007347162848048125,0.0012405661332053539,0.000925958426644606,0.0004902101147675125,0.0002740213702580221,0.0009599031095214199,0.0029846430519817413,0.0035336735783168386,0.005809497521356401,0.007542420516621058,0.0019519513651006853,0.0015855486649339872,0.004344832533458188,0.0024791014039260394,0.0018829662758892615,0.002121412341827426,0.0012703636111789105,0.000847238464358979,0.0002927744568307695,0.00011981288167472699,0.00013145600452351013,8.384641795887347e-05,4.5310892615072485e-05,4.3817635858777934e-05,5.0390917686904796e-05,23.612959794757764,20.245446954411168,21.652325388355543,19.24240197689916,19.7184072028642,19.41696924748606,18.20540673066845,0.12593794429057925,0.35551136817508205,0.5143244345036867,0.14905341766757357,0.13742829032014167,-0.17209416629235744
Goku,-248.5910028853829,116.4450533549608,-35.59411963118286,10.178131000464782,7.914769674202689,16.90112410039794,13.836447661495331,12.704064784807015,-7.779092389856904,10.40649873149102,-2.93222029724331,12.131222040557281,2.9552933467083538,7.425168949899025,3.820633408958856,11.196338307560579,1.4743522952338328,4.43213501140079,6.83552464458379,-0.6138087394761728,-6.269500538954734,-6.34382945430294,-4.58642330098427,-4.708498403847416,-2.7220824265119963,0.49810248193145645,-6.496298578925527,-0.25630122658420657,2.5625824011365967,4.000076205571258,6.159642415222523,2.82839714803424,0.46333216789967907,-0.04497609197135444,-1.8999740572480772,-1.4219911927412958,-6.885452939405231,-1.0632827936192424,-4.53905571192461,-4.417851494367387,0.5570346102391563,0.49663964329504956,0.4362510391578746,0.5768422956042314,0.5502665748021295,0.49889922436507916,0.6054510856213846,0.689369326945909,0.5575901354493826,0.4495100959347944,0.526274402672442,0.5854750583434969,0.07540722575924501,4.952946860761126,0.8953487487026066,3.059716084358185,1.1745282998247546,0.028775430903846377,0.020616485433759196,0.37337623173914136,0.45516573165417495,0.01743098992479285,0.03367050192604828,0.008526300598176722,0.06287726919928001,0.22355959154979885,0.5093785776046942,1.9614192107068151,2.512833187158416,1.8432247584333001,0.7488263748273217,0.34666518537172086,0.09620510475966945,0.04287358782920331,0.08976589992884608,0.2143960002317814,0.25372131038475315,0.38737542195726266,0.48411375421830494,0.5572487611216258,0.16306821185346113,0.20453898128244824,0.34569698562930096,0.7802598974210769,1.5429711361370653,2.1186470680954934,1.9460378183833549,0.8522789019658538,0.5961989362549744,0.3043213483868494,0.44786462838045477,1.5936458969500906,3.282456156386301,3.4799744242473714,3.7645131726230194,4.0536516894220265,3.9262350077974277,2.3132776766005794,1.9415661439004739,5.247878797688441,6.796217296395679,3.1364245693876587,1.1168384012110337,2.0098320066635154,2.5294589666755436,2.4472799339627076,3.182126838094475,1.3859860121523446,1.108728350993454,0.5603705212740735,0.4514257011925474,0.32365565513325384,0.18510245698079952,0.3064782733272807,0.1549383558054491,0.13661500656271955,0.24514524464683798,0.10398466697112507,0.08099914929620641,0.16249768448038213,0.34585293326342065,0.5157864836942215,0.2483254501111393,0.16723471527543282,0.15222018577695848,0.10965077814952177,0.18561584962235161,0.10002275173846872,0.0713754918513936,0.03336428066200886,0.01623964281609071,0.012618957211956149,0.051639037257450913,0.1168178958478948,0.1128450535034572,0.04451727562184746,0.03216178608528046,0.0443207237225879,0.014846606658192627,0.013007590051113231,0.018399992347628208,0.014896776473037193,0.0058090817349148414,0.007149635995771102,0.013032859403179655,0.011273854866612702,0.004037641804589542,0.004190792015821382,0.0024878863316899528,0.001354064551650988,0.0007206473202293715,0.0006026581519677391,0.0010256264046851974,0.0012723045290127478,0.001046816770078193,0.00114423092729711,0.001109392771868677,0.0009485390766977488,0.0005240055649204146,0.00021306365333339925,0.0009092631540914163,0.003486788259307632,0.003507186181028695,0.003977175581989239,0.004760429113039867,0.0019404745726905033,0.0012507691692396706,0.004243491932034114,0.004870448989484181,0.0019466904130562132,0.0013569471415279565,0.0007689911691456503,0.0006092507005751201,0.00016932285822466285,0.0001333380267457112,8.392190287221143e-05,6.622360395055708e-05,9.875075153775662e-05,8.220853332515868e-05,2.5195991614450693e-05,23.056472177548986,20.996638646669627,21.725873477409213,20.07976977561945,18.7972839102958,17.96985192466752,18.013029842452237,0.1365468041838202,0.3420601880031472,0.5211272081949744,0.14915368737408308,0.14275690817444206,-0.16071048050302916
Nathaniel,-312.60203873107366,97.85920644312428,25.013435908307017,40.464582853694466,-13.724542532567959,13.516898876684461,10.686800859706446,0.45190841461543535,15.070108836866618,15.579341197490553,8.744437151696648,-0.10890588480256308,9.057905953961232,4.5622084538231205,-7.701163822305604,4.128635492300177,0.09041517884749059,0.18266698678220886,0.24295317772691238,2.1740180048563866,-6.854894815330205,-0.12288831529023926,-4.576299185393069,-4.86788276401932,-3.4453357325274645,4.2321466808391,2.9938338503398523,1.9758197638991402,-0.27359477700116624,3.4915194860838303,2.3470057257863854,1.036517755448409,-2.3327395580504766,-0.45879929569215977,-3.9013870288022203,-3.561594201977269,-5.175742984742043,-4.729501833549138,-5.268679245755518,-5.470098197305539,0.4856999912116635,0.4276567667721559,0.4781896478719449,0.524290932608282,0.5646260378347311,0.5852250694834497,0.7112415399732622,0.9315219386257273,0.659871162346672,0.5020784626564547,0.45607286856313717,0.5227529683632367,0.0731933797504492,4.894445771042776,0.8861363613934288,3.0236735937310053,1.2222098531943744,0.13082623403871235,0.025719330944684923,0.3628289074011447,0.44944527272739626,0.03377122868057866,0.1737175312383342,0.07569040880506182,0.020031748273837087,0.004558899557824227,0.008775264298635949,0.061449655374436585,0.28484315525551535,0.11674733925565978,0.04262865411751793,0.014981495417742408,0.0354991330578509,0.09348455407775781,0.18020079003855607,0.09229049279882603,0.10891358594569495,0.2670984394626505,0.3641469222000215,0.32247735320100696,0.44491775942424816,0.29613343308459694,0.1783857644080341,0.13187908457696446,0.13799359716304674,0.14024159862559357,0.07850398570549623,0.031134954867323768,0.04733779823962146,0.027612373283963283,0.010314259351607038,0.007929298005016596,0.008255823954895842,0.008746042920647778,0.010504934306483334,0.0048925473600201705,0.006558619009844986,0.00607961050108394,0.005941469520563189,0.006183471573329304,0.0037674158724350262,0.003855427803365415,0.00437264480626711,0.003819149035461932,0.002220694613526053,0.0025109535669585866,0.0018740242362422436,0.001486676003528195,0.002915851947678243,0.002518424233232201,0.003126741766786417,0.003954168302481415,0.005310714666060369,0.005499229613862255,0.00365610108677433,0.001909897995053487,0.0013103061480309944,0.0006782904781370137,0.0005076725193938624,0.0006349955990637986,0.0007239545221890301,0.000775496250580691,0.0007866773453900042,0.00039621107929462267,0.00039007093161819964,0.0003225231438567088,0.000367403400135827,0.0005110844515956204,0.00057825845340841,0.0008924827823120412,0.0017393467750214226,0.0024828835398979726,0.004304737101507824,0.0059043407271570205,0.007738451587689895,0.009048158573860206,0.009725318226721775,0.009011880652711511,0.005973014768433717,0.004265798787882821,0.0029609045321340177,0.0023691682890810933,0.0023306227830836327,0.001871141618868265,0.002616578449009357,0.003730108386234625,0.003938068620764338,0.003864841965737329,0.004284797730587301,0.004362517597615988,0.0036345691021828002,0.004196604996221463,0.005592512630665956,0.005914003005197565,0.0037905880049484146,0.0033579022668040657,0.002681668603944701,0.001995836511619214,0.0015718005293682649,0.0012507792616586212,0.0010967648010367695,0.000778058562785577,0.0006480519458335546,0.00036866090574436616,0.0002286044289058992,0.0003855385322834124,0.00031229604248761395,0.00014464120271966333,0.0001285721438141731,0.0001421620817161694,0.00022211591562335673,0.00024337001759688326,0.0004926382772447949,0.0007090454891623686,0.0007612578427084474,0.0005822601996134301,0.0009068422330977455,0.001188262104078867,0.000691285255048268,0.00021417493381660951,22.95659212629506,19.58723499519945,19.82130308432906,17.406196682671464,17.30822580467612,19.13088282463119,15.823839496740835,0.14846727306499127,0.3998379570009024,0.5663252551798799,0.17866239324536057,0.16492570883666724,-0.17320189745880227
Nathaniel,-303.54591391337703,87.52970179273831,23.6480282613186,45.239506415718346,-9.911465656667206,16.03843587825732,4.589606390742521,-0.9309220623607573,18.959794365408545,10.068074999293444,9.78760028325456,1.643421169628053,8.798179609007441,7.318762846000445,-7.673305344492616,4.923402738607321,-1.2007886081059995,0.47717099507887706,0.03201321613771489,0.6993787962893148,-6.485986526613001,0.5912406814877696,-6.5857594092996115,-5.382467077483451,-3.002302428258856,3.8317990669833324,5.168041529207748,0.8603411691421609,-0.5825089152694339,2.164372071479885,3.9067965809532113,0.8138320537826513,-3.090181468506815,-0.9024919249930095,-4.164646725659179,-3.9347738544519766,-4.937646228055238,-4.871742018861492,-4.5605882204830674,-3.9209751299421867,0.4764090364829398,0.4521375853563422,0.5286964375452804,0.5244306946065356,0.5169530211378094,0.5616660686085103,0.715188135734891,0.9335454454425967,0.6983703141887004,0.5715021100733273,0.5464498907202586,0.5820175368331644,0.07578248293365605,4.911146821049225,0.8900554652395088,3.0379131045615297,1.2037629328637922,0.12212234234788019,0.05610747117655355,0.37510784708630435,0.45078435159163505,0.026543330331810947,0.13658750296941113,0.06670298689902754,0.035047128356514905,0.014292949713497281,0.007347331519295573,0.04283470350914432,0.19158449849242923,0.10387082350994728,0.07691888816622254,0.04086007106224745,0.11343548876107809,0.1853748382662262,0.07665764472833551,0.11243265671652265,0.23018601834106928,0.3218199673714244,0.30567922675913844,0.2481688276888434,0.28757027673125213,0.22297210639635,0.12090978271415118,0.15759608945105683,0.12621029188298738,0.0508255839029153,0.04736735522219923,0.038946367705227275,0.009205439118899015,0.007320914999211254,0.010763375146546192,0.008729028853074881,0.011488200373014831,0.006690562091004098,0.00658938362183872,0.006367782749076431,0.004887275020632728,0.003018485719039644,0.0028925051644450627,0.004559664235204473,0.004278190553703703,0.006371365668905302,0.005678865680981178,0.007179463614006711,0.003512037612220355,0.0026970240615896176,0.0014461678586041712,0.0016004496676420559,0.0023044348297077914,0.003026255894133246,0.006826445558033537,0.016838273988015916,0.011185016000953273,0.006112662502011205,0.006915520013099526,0.0039364033828911274,0.0015703132301851208,0.0012022417905452193,0.0015554152447658572,0.0019480355150257745,0.0016128066334999379,0.0017459234184255832,0.0016774084887192012,0.0008650318534028494,0.0007317723503521568,0.0007242097171058729,0.0005803842774223936,0.0011125918106364761,0.0009109417204038492,0.0011470877227365566,0.0020413219605353535,0.002960335690378743,0.0059684292304399405,0.006696278881033462,0.005024958737093912,0.00783346748047285,0.007573351727029019,0.008333840903710883,0.00762129184099899,0.006186851213120899,0.004371346646008144,0.004547114706292114,0.005246729881601509,0.0044913033930431955,0.005476803245261351,0.009100549664741957,0.00829803164112269,0.00903338560764216,0.008619353761120106,0.010136247163609415,0.008763044209971833,0.008462765439374824,0.008045037815915854,0.006248834496674903,0.0048487281093222675,0.003770966999552333,0.003806709171347878,0.0037214474662859614,0.0028370215008634504,0.0021904206518359045,0.0021395898243667362,0.0017622750450237816,0.0009564445275209995,0.0003927051196921619,0.00015284517347248898,0.00019265989483418678,0.0001543122167560623,0.00019561970071922387,0.0003669534639973059,0.0004126355678853989,0.0005789113226564362,0.0013702711996560722,0.0015182257310772007,0.0009045933312542209,0.00094105954172,0.000826719077285685,0.0005914438097204987,0.0004864002374738327,0.0005393317566198981,0.0002003334392681708,22.646770244261575,19.663493987592414,19.69252593713235,16.614484028488853,16.616832028749254,19.848141990458576,15.484321828129682,0.15276111433753406,0.40582971233165965,0.5807503166552461,0.16115442736833155,0.1635435619370944,-0.17806531606876053
Nathaniel,-302.37555679278125,92.94713929642695,20.83178606218945,38.95554162079885,-12.077788667782345,10.139525505425427,13.495079490330603,0.0028668133927679633,15.870009670009495,16.637861049774216,8.741845365610525,3.068830846186144,9.6305414065796,2.6233071399389303,-5.696182373282625,5.286856103183088,-3.1395016579267363,1.384621971871291,0.47926558842028966,1.59607746710817,-7.635901113641216,-1.4184419330345652,-5.498060267559443,-5.925035841721585,-2.8918316146309393,3.779832629251605,4.865907960515205,1.7858843010272145,-0.3154136505582436,2.8958357716689376,2.8827592209976056,1.3672568631888535,-3.4718301908664553,-0.7701645905070156,-4.400359548865974,-2.076735076242997,-3.845220246639851,-6.40060843503636,-4.124383341514676,-4.179318550761522,0.38298493280565543,0.3868035821973246,0.47081025058978593,0.5273308672377192,0.5859528240058974,0.6361317268379955,0.7254591076047611,0.8739609699284495,0.6528532829853048,0.5087007924328967,0.4534748055278232,0.49867842193516493,0.0716932180438115,4.939180654198065,0.9000379530622323,3.055357349928523,1.202300440168811,0.10287344851757906,0.05542823770362257,0.37422099954145044,0.4468642707452213,0.024262423110917097,0.09075123482726785,0.04082612550604287,0.023595827210999103,0.008546407273874077,0.007681314442691572,0.042398733848466444,0.16954452839801312,0.10707527215006578,0.06118985884731954,0.021379714219543426,0.11520654492733189,0.1570187617867866,0.089344771872736,0.15318945069112724,0.2229254339877192,0.32786971481859795,1.1593605749917388,0.8742632030251275,1.3476070532597708,1.1627470930738117,0.6351095289969468,0.5601931297015732,0.319214486293011,0.1456700773895357,0.076618964364295,0.04887110376035037,0.034108360349901876,0.03037061905858399,0.019837873256964407,0.016892024993743173,0.020502783452836182,0.02740617636519921,0.02321572906429234,0.015566608792956809,0.013461571779178809,0.006298092782664657,0.008186931742016422,0.011135074150953965,0.009291336081020262,0.005053376361753346,0.006931528295836448,0.01200150683734481,0.008420945494972626,0.006971168326266873,0.0024486230217130884,0.002117184056243554,0.004744204689839481,0.007627592360101602,0.012746651034384921,0.018309829477004644,0.0084147550861929,0.0063298903173183065,0.007433891132128282,0.0015194997033647058,0.0015241292587721393,0.001567442466679911,0.002038279635019421,0.0016701980308288086,0.001819320495323166,0.002422138284741381,0.0018019113744283757,0.0011997429376196125,0.0018719592342577437,0.0008812759905798786,0.0006502782201235554,0.0008000832116923235,0.0009282903806003259,0.0013841889180709224,0.0045229361055735655,0.005940603288365527,0.010972212887083352,0.010908108692664982,0.012169375400237256,0.016282881927343233,0.026114959222921796,0.020688120576937426,0.018407761217126416,0.014003601231438973,0.00833114317470284,0.006754534755963655,0.007481693955768432,0.006562540066108276,0.005815886657908275,0.006351473609728505,0.005939341184613684,0.005552955651164635,0.005938366107054502,0.005686830946182732,0.004933209809334933,0.006142894785074565,0.00630000980062231,0.004835272669661214,0.0021128394348976726,0.0021993618266867784,0.001789956618365942,0.0013610559420175476,0.001300180350954277,0.001625055659861091,0.0015170128606571615,0.0007113007919222501,0.0002612175895042444,0.00020912797741383198,0.000245671340411164,0.0002540376147637082,0.00019159269872750135,0.0003978674592992018,0.0003991222691490889,0.0007498117888884028,0.0009194839368852222,0.0006804468955592133,0.0010036309659473583,0.0015438985551511982,0.0017194964261435849,0.0007890572477354422,0.0005541453321753821,0.0006722883756220886,0.00067911108918802,0.00045092202850819166,22.89055592877645,20.06075222065259,19.822912089411783,17.110795482530595,17.40767775774761,18.94865476560335,15.70863841603017,0.16079568425973198,0.40443979043399,0.5903388936432576,0.16015896243000885,0.164523032530961,-0.1857890803443386
Nathaniel,-310.34965340569767,82.24839197289148,25.627790902060106,47.884441272740446,-5.177280594280874,12.672851918467064,14.886693324212741,-0.7686428067036537,12.331914784750621,12.112139480375216,5.09829536243171,1.4039327489946885,8.708436644388698,5.7398865097354435,-2.479460842780724,7.469523023280358,-2.0862936039490263,0.19412626825700974,0.44931862334975764,2.414005749286552,-7.527334513257037,-2.5383656535252666,-5.651286259384253,-6.9363001998276586,-1.8373241693447953,1.5847739494821569,5.013184687141882,3.678298138811109,-0.9494033969208101,3.1556125372600174,1.6645033136561562,1.020243429191207,-2.2499528361812837,-0.5881984754004372,-4.726306768301326,-3.3409340954295716,-5.005128464778569,-6.691448808322513,-4.164718081161208,-2.1186900691469597,0.3433368902069064,0.3841129811911452,0.4917125505852911,0.4706076167038901,0.5205911852836385,0.6248660127731108,0.7326407508286222,0.9219800333065198,0.7430664362117383,0.6081674954460546,0.47365728909131327,0.46492431585953287,0.07361353170118873,4.997137271808603,0.909466914285185,3.0670324367210497,1.1981559443172385,0.09717011632967901,0.09186709521867538,0.4079692206323734,0.44876003858979957,0.017093661993925605,0.0674845219765561,0.0674027503981301,0.03885040376705816,0.023984998288295548,0.01703811133075574,0.02078402874033939,0.1817612330421815,0.21086511118278287,0.1881866011899709,0.027621530795604952,0.03399579792503884,0.02678066735908802,0.006493049268184042,0.04113547975104323,0.35245921369275984,0.22247932200337275,0.06971380311056953,0.041404061336284236,0.05622630976585158,0.057436366256110725,0.16223586393562106,0.13454685274491354,0.05178443832812862,0.08374687418113207,0.05829551971314015,0.05481202981286011,0.06084752025062687,0.058783067442085,0.026810793749862658,0.038068399314112746,0.01938637947653641,0.006871949920557969,0.004946627741352849,0.006526493088220697,0.01641088550285523,0.012236103845957516,0.004317067219188326,0.004480028075946926,0.0034890500598677853,0.005029531891259114,0.0056049507633289105,0.0030642520798883563,0.0036571289554202164,0.004762621038933893,0.002038512084377774,0.0015768941267078516,0.002280897681222124,0.006185309681880949,0.007206697979447125,0.004207478783356575,0.002794667651936978,0.0024755795856744862,0.0028419486313253574,0.0020841394843787897,0.0013650101351794259,0.002767420597252229,0.0023010226604174,0.001729797026791986,0.0011684138553799874,0.0017794809512148835,0.0012693904075619757,0.0013226798092507864,0.0017671755766607534,0.0007509035514707903,0.0006004993428324785,0.0009756100628340297,0.0020995757582959055,0.002876668481901963,0.004693247651625619,0.005511474780648531,0.009586847992909025,0.015688587798584112,0.018180214550218527,0.03229749656634273,0.050427947268707356,0.05308239606578445,0.05234437699536653,0.03983820368680636,0.01889417156680546,0.018003469131537442,0.014295455935230402,0.008666045188298532,0.00932171246221006,0.00983367890252989,0.015188419050919572,0.02524062012020647,0.019304034219113666,0.007503473255450989,0.003816239869151212,0.006076235145282567,0.005941979589570774,0.004484211112227894,0.0026480390305972214,0.002867238932957352,0.0034232597158912184,0.003309453531174011,0.003448256343881863,0.0030004575552665105,0.0018009387132953782,0.0008236136536974435,0.00037699054583161364,0.00032690271628920976,0.0004654710138733269,0.0004126353606089522,0.0005308747329190057,0.0014475998547914786,0.0015348899751470926,0.0018068709158525443,0.001648339739555895,0.0014828051345057395,0.002060126663428784,0.0022696638711692755,0.0023741365944083158,0.0011484776274451186,0.0008028334489919448,0.0008780054917622963,0.0006251174350201525,0.0004515630763821918,22.892968826368808,19.765607356721762,20.727460268294955,16.193760295918224,17.867324535893378,18.49328430483043,15.498563420323595,0.15393945217241484,0.399474512842862,0.5714679996924354,0.16055431058829145,0.1558679554828516,-0.18582021425866307
Nathaniel,-331.0355257877375,97.80775161556441,26.237950477011786,44.009414063677475,-1.481445449487668,15.612745079698731,8.588159473794748,5.066726930560803,10.117493248864967,4.201276375801919,9.755223775484241,3.4743325191303196,4.148862401595719,5.45256937338321,-4.4774307591698,7.778474308787109,0.3090741066515309,-3.5616590984830965,1.3706041979557042,3.6021305040007685,-5.365255299345694,-2.4730909503876246,-5.654241497554603,-2.9307427478326695,-5.261287324398654,5.583339479644793,4.068277291853024,3.076532404742091,2.3334528546355098,3.4927798787717346,-0.7467890819169549,0.7826340512706561,-0.8302810767383738,-2.9853466514794063,-7.581906582098075,-3.0921851027407325,-6.9005422253323285,-3.521949265972286,-2.7615394033622773,-5.054956941322473,0.4640452897653226,0.4121710259895822,0.4885693800125645,0.5149743063889463,0.47872254622451305,0.47562208907759934,0.6624967102702125,0.938135127394407,0.6849460555172143,0.607087624161731,0.5584975618347947,0.5779454377032506,0.0686195318326749,4.673594486586728,0.8500095750017158,2.8743257573186596,1.183605275907371,0.10529746706232186,0.02956506995606386,0.34628674655399333,0.426643494011444,0.056652314424473514,0.2711490648191946,0.18261461261015938,0.05730557814712732,0.01158089926643278,0.012329367491320261,0.04178031089149613,0.15588440698193784,0.09076051381972675,0.09205641446170759,0.07882488688425794,0.030899020046980356,0.021974577692579718,0.011383037949827377,0.011439373829709188,0.03068900300781511,0.02769498404855763,0.08136595866222991,0.07558175506134449,0.14794490083025397,0.07434875895584905,0.008428044193438814,0.015107612851407274,0.03139458792664633,0.022426946010524536,0.020631208645508898,0.006808923729509267,0.0030546989791437927,0.0068178604111192405,0.005678242954892849,0.003989377328337473,0.005334196206606436,0.0015655510473485798,0.002043883234828969,0.003105472374563402,0.002629770328141209,0.002883466376860066,0.0016838201740945941,0.0017312149227474475,0.0028651036807396343,0.003452059997451008,0.004355631055092427,0.002010152603904501,0.0017114040996446711,0.001747520733162777,0.0025874012359573,0.0017861107740279754,0.0016090363867222505,0.0009165729082242298,0.0007012312115533225,0.0014746382089608017,0.0010656100817522153,0.0008687472991517942,0.0014228527164485245,0.0017432631396066944,0.0020213340821901046,0.0015310748450756474,0.0017101818414519358,0.0024576038892715943,0.0038349681746499753,0.004621036684575075,0.0019407762779979753,0.0021032911351638707,0.00257567371972929,0.0013990774815185298,0.000748571141558571,0.0004986815113763032,0.001134474964968847,0.0036121346653125064,0.003649510719811412,0.004759044502853243,0.0074314374689747635,0.00830623769048601,0.007385115991477274,0.004086463829592804,0.0015744903527276117,0.0009721380212859588,0.0017512686855382501,0.0021704028319105392,0.0013873478429689984,0.0012340950927919702,0.0015213258472630204,0.0015886246898985544,0.0020127352340057842,0.0028849234322903374,0.005617086736885776,0.010150047884579386,0.009922791398381198,0.005410014911199606,0.00258238559079075,0.004405576980294435,0.005670683791932696,0.006212102707247197,0.0019693025418583564,0.0007423963839855943,0.0007282732651783336,0.0006602515745496355,0.0003716550511013858,0.0004161985759701161,0.00045601581947185625,0.0005235700965262293,0.00037446835889015396,0.000232301643255136,0.00011702994364049621,0.00011752138544623317,0.00016595040200443915,0.0001345634527510321,0.00011910089657592138,0.00023125986880082785,0.00013883813884257867,0.0001218395429643404,0.00022778430692941423,0.0006606556695663636,0.0006498951603755116,0.0004951552928882041,0.00022486503730772975,0.00016318333827112767,0.00010472987277706512,5.9097316884437805e-05,22.948853751722826,20.163480345374207,20.555986198834372,17.1275102886712,16.39204466934892,18.603729789663973,16.271135770849835,0.1462367869374051,0.39786481647342486,0.5674685245376277,0.15233745442520774,0.16669649638315429,-0.18139590886724918
